1,/foo/aligned-images/shashank/IMG_20160808_180749-1.png
1,/foo/aligned-images/shashank/IMG_20160927_103933.png
1,/foo/aligned-images/shashank/IMG_20170113_175317.png
1,/foo/aligned-images/shashank/FB_IMG_1479297205743.png
1,/foo/aligned-images/shashank/IMG_20170726_170307.png
1,/foo/aligned-images/shashank/IMG_20160927_103935.png
1,/foo/aligned-images/shashank/FB_IMG_1479297192506.png
1,/foo/aligned-images/shashank/IMG_20161027_155800.png
1,/foo/aligned-images/shashank/IMG_20160803_162229.png
1,/foo/aligned-images/shashank/IMG_20170113_175314.png
2,/foo/aligned-images/jeel/IMG-20170727-WA0001.png
2,/foo/aligned-images/jeel/IMG_20161222_163639.png
2,/foo/aligned-images/jeel/93bad287ccb9e874daef98436d00c68ae715717c.png
2,/foo/aligned-images/jeel/IMG_20160821_121111.png
3,/foo/aligned-images/akshita/IMG_20170311_130114.png
3,/foo/aligned-images/akshita/IMG_20170810_190402.png
3,/foo/aligned-images/akshita/IMG_20170428_091158.png
3,/foo/aligned-images/akshita/IMG_20170704_131020.png
3,/foo/aligned-images/akshita/IMG_20170723_195246.png
3,/foo/aligned-images/akshita/IMG_20170811_095407.png
3,/foo/aligned-images/akshita/IMG_20170312_144857.png
3,/foo/aligned-images/akshita/IMG-20170807-WA0008.png
3,/foo/aligned-images/akshita/IMG_20170811_095328.png
3,/foo/aligned-images/akshita/IMG_20170131_231755.png
3,/foo/aligned-images/akshita/IMG_20170311_133515.png
3,/foo/aligned-images/akshita/IMG_20170807_113211_Bokeh.png
3,/foo/aligned-images/akshita/IMG_20170817_111011.png
3,/foo/aligned-images/akshita/IMG_20170901_174608.png
3,/foo/aligned-images/akshita/IMG_20170812_222719.png
3,/foo/aligned-images/akshita/IMG_20170805_190801.png
3,/foo/aligned-images/akshita/IMG_20170901_174616.png
3,/foo/aligned-images/akshita/IMG-20170716-WA0008.png
3,/foo/aligned-images/akshita/IMG_20170807_113154_Bokeh.png
3,/foo/aligned-images/akshita/IMG_20170403_160656.png
3,/foo/aligned-images/akshita/IMG_20170901_174622.png
3,/foo/aligned-images/akshita/IMG_20170731_204258.png
3,/foo/aligned-images/akshita/IMG_20170622_183820.png
